username,role
Abaal,member
adipietro18,member
anaconda-terraform,member
ansthomas,member
awwad,member
bandwidthninja,owner
baustinceltic,owner
beeankha,member
bkreider,member
CheeseMochi,member
chenghlee,member
cjmartian,member
conda-bot,member
csoja,owner
dbast,member
FFY00,member
jaimergp,member
jezdez,owner
jlstevens,member
kathatherine,member
kenodegard,owner
LtDan33,owner
marcelotrevisani,member
mbargull,member
mcg1969,owner
morremeyer,member
pseudoyim,member
pzwang,owner
rchord,member
remkade,member
rhoule-anaconda,member
saraneem,member
sheetalkalburgi,member
skupr-anaconda,member
trallard,member
uwuvalon,member
yshmatov-anaconda,member
